Country Name,Country Code,GDP_avg,log(GDP_avg),Globalization index (0-100),Economic globalization index (0-100),Political globalization index (0-100),Social globalization index (0-100)
Aruba,ABW,29005.606,10.2752444006314,45.8,60.763999999999996,4.958,84.654
Africa Eastern and Southern,AFE,1523.781,7.328950025133243,,,,
Afghanistan,AFG,483.67,6.181402855991089,38.31,30.4,46.38,35.79
Africa Western and Central,AFW,1701.399,7.439206132790347,,,,
Angola,AGO,2094.096,7.646877235651826,42.408,40.715999999999994,51.174,34.815999999999995
Albania,ALB,5407.986,8.595632028962052,66.276,67.894,63.522000000000006,67.61
Andorra,AND,40841.65,10.617457673029572,,,,
Arab World,ARB,6161.513,8.726077643251793,,,,
United Arab Emirates,ARE,43421.427,10.678708307931393,75.122,86.584,64.494,76.602
Argentina,ARG,11100.884,9.314780023768998,68.962,43.632,91.20599999999999,72.44800000000001
Armenia,ARM,4546.961,8.422214376704435,68.13,68.702,69.748,65.74199999999999
American Samoa,ASM,14097.247,9.553734809075893,,,,
Antigua and Barbuda,ATG,16505.243,9.711433366990184,58.004,62.98,34.136,79.248
Australia,AUS,55649.785,10.926833493264063,81.354,67.282,89.1,87.76599999999999
Austria,AUT,50282.61,10.825414570664819,88.652,82.57000000000001,95.55199999999999,88.03200000000001
Azerbaijan,AZE,4662.119,8.447225344795458,66.168,70.728,69.336,58.0
Burundi,BDI,225.972,5.420411097791504,40.19199999999999,30.68,57.248000000000005,32.65
Belgium,BEL,47029.391,10.75852802567388,90.4,88.522,96.304,86.286
Benin,BEN,1203.556,7.093035787091988,50.818,37.498000000000005,69.97,44.464
Burkina Faso,BFA,797.775,6.681826602805838,52.586,42.936,71.50399999999999,42.814
Bangladesh,BGD,2118.466,7.6584475208464875,50.428,29.582,74.40799999999999,47.096
Bulgaria,BGR,10008.731,9.211213091046089,79.898,76.01599999999999,86.554,77.12
Bahrain,BHR,25139.952,10.132213572834539,68.998,81.84,51.374,74.14399999999999
"Bahamas, The",BHS,29331.946,10.286432508219223,,,,
Bosnia and Herzegovina,BIH,6071.731,8.711399016381336,68.296,59.614,75.478,69.92999999999999
Belarus,BLR,6565.701,8.789614559406637,67.854,62.39,74.546,65.99
Belize,BLZ,5973.173,8.695033555982715,57.23199999999999,59.10600000000001,42.489999999999995,69.704
Bermuda,BMU,112581.34,11.631431261594189,44.814,64.66,6.998,81.15599999999999
Bolivia,BOL,3327.481,8.109970840260479,58.334,43.402,72.69200000000001,58.90599999999999
Brazil,BRA,8432.935,9.039900151730398,62.676,40.07,85.71000000000001,62.45
Barbados,BRB,17788.064,9.786282949555304,63.013999999999996,59.21,50.274,79.352
Brunei Darussalam,BRN,29761.097,10.300957349826797,,,,
Bhutan,BTN,3206.333,8.07288319552359,41.715999999999994,41.614,27.538,57.602
Botswana,BWA,6600.149,8.794847503517264,55.758,56.536,45.586,65.35600000000001
Central African Republic,CAF,434.738,6.074743550783293,38.016,31.938,48.178,33.376
Canada,CAN,46650.588,10.750440810697661,84.30199999999999,71.126,92.046,89.804
Central Europe and the Baltics,CEB,16342.895,9.701548525303405,,,,
Switzerland,CHE,85848.32,11.36033729711842,90.964,86.5,95.72,90.272
Chile,CHL,14966.548,9.61357285630029,76.606,67.99600000000001,86.92999999999999,74.888
China,CHN,10366.234,9.246309072293826,64.704,46.206,90.324,57.577999999999996
Cote d'Ivoire,CIV,2285.523,7.734350161164611,,,,
Cameroon,CMR,1563.735,7.354832469408975,50.495999999999995,37.344,72.916,40.751999999999995
"Congo, Dem. Rep.",COD,535.012,6.282289176551002,,,,
"Congo, Rep.",COG,2203.705,7.697895313764513,,,,
Colombia,COL,6216.354,8.734938840232855,64.11800000000001,49.910000000000004,79.3,63.138
Comoros,COM,1510.756,7.320365466771097,38.688,31.901999999999997,35.196000000000005,48.292
Cabo Verde,CPV,3245.452,8.085009910655327,,,,
Costa Rica,CRI,12355.189,9.421831415756131,71.692,63.918000000000006,74.32000000000001,77.03999999999999
Caribbean small states,CSS,9954.679,9.205797970875448,,,,
Curacao,CUW,18119.308,9.804733389022244,,,,
Cayman Islands,CYM,85252.604,11.353373940133807,,,,
Cyprus,CYP,29024.25,10.275886966438957,80.49600000000001,84.184,71.686,85.426
Czechia,CZE,23507.931,10.065093132557228,85.134,82.828,89.622,82.954
Germany,DEU,47472.387,10.767903494671287,88.50800000000001,80.42,97.828,87.67
Djibouti,DJI,2871.21,7.96248882269164,56.138,64.186,55.198,50.602
Dominica,DMA,7691.903,8.947923496124737,54.54,59.660000000000004,32.69,74.788
Denmark,DNK,61543.638,11.027501763150848,88.44800000000001,84.24600000000001,93.054,88.042
Dominican Republic,DOM,7855.732,8.96899873539945,65.822,53.448,71.706,72.31
Algeria,DZA,3871.352,8.261359079019094,56.04600000000001,36.882,80.082,51.176
East Asia & Pacific (excluding high income),EAP,8259.411,9.019108556466469,,,,
Early-demographic dividend,EAR,3469.608,8.151796898259795,,,,
East Asia & Pacific,EAS,11552.599,9.354665712281388,,,,
Europe & Central Asia (excluding high income),ECA,8037.943,8.991928483667754,,,,
Europe & Central Asia,ECS,24978.841,10.125784385485495,,,,
Ecuador,ECU,6082.269,8.713133096131324,59.974000000000004,38.522000000000006,77.19800000000001,64.0
"Egypt, Arab Rep.",EGY,2938.039,7.985497630982002,,,,
Euro area,EMU,39399.022,10.581496272642921,,,,
Spain,ESP,29041.95,10.276496615444685,85.21000000000001,76.454,96.05,83.13199999999999
Estonia,EST,23713.409,10.073795947720447,83.00399999999999,86.032,78.814,84.362
Ethiopia,ETH,839.646,6.732980374439953,45.446,35.622,62.174,38.745999999999995
European Union,EUU,35332.269,10.47255196133089,,,,
Fragile and conflict affected situations,FCS,1812.173,7.502281956659201,,,,
Finland,FIN,49571.025,10.811161768630168,87.446,82.808,93.44,86.06800000000001
Fiji,FJI,5475.499,8.608038692084074,57.065999999999995,52.1,51.688,68.666
France,FRA,40709.613,10.614219535188022,87.398,78.256,98.062,85.876
Faroe Islands,FRO,63255.792,11.054941975519734,42.462,74.0,4.14,83.918
"Micronesia, Fed. Sts.",FSM,3570.703,8.180517774155236,,,,
Gabon,GAB,7501.974,8.922921464893358,53.31,39.444,63.629999999999995,56.836
United Kingdom,GBR,42700.713,10.66197089696958,89.428,81.128,97.402,89.55799999999999
Georgia,GEO,4610.842,8.436165765733692,72.692,80.776,63.251999999999995,74.31800000000001
Ghana,GHA,2177.314,7.685847286019689,61.062,49.492,81.58,51.982000000000006
Guinea,GIN,1018.923,6.926501466088896,48.728,37.294,68.82000000000001,38.67
"Gambia, The",GMB,702.877,6.555181912064479,,,,
Guinea-Bissau,GNB,747.176,6.61630076648443,40.016,33.94199999999999,44.596000000000004,41.952
Equatorial Guinea,GNQ,7656.248,8.943277325502613,44.994,61.552,34.038,41.636
Greece,GRC,19066.982,9.85571342702456,82.71000000000001,73.49199999999999,91.74000000000001,82.902
Grenada,GRD,9243.914,9.131720668019105,54.086,58.524,34.25,71.272
Guatemala,GTM,4643.518,8.443227547594896,62.166,50.70399999999999,77.712,58.286
Guam,GUM,36000.822,10.491297050510903,,,,
Guyana,GUY,7130.961,8.872201286934677,53.891999999999996,55.00599999999999,45.676,61.666
High income,HIC,44594.714,10.705370610804712,,,,
"Hong Kong SAR, China",HKG,47792.474,10.774623458384612,,,,
Honduras,HND,2501.24,7.824541887888952,61.122,56.164,67.41799999999999,59.386
Heavily indebted poor countries (HIPC),HPC,998.863,6.90661763210726,,,,
Croatia,HRV,15223.242,9.630578617930862,81.24,74.98400000000001,85.47,83.268
Haiti,HTI,1463.168,7.288359226963259,44.124,42.589999999999996,48.062,41.712
Hungary,HUN,16535.681,9.713275809932178,84.352,82.224,91.03999999999999,79.784
IBRD only,IBD,6436.474,8.76973615362909,,,,
IDA & IBRD total,IBT,5122.993,8.541494117551386,,,,
IDA total,IDA,1378.281,7.228592349507794,,,,
IDA blend,IDB,1803.258,7.497350307808157,,,,
Indonesia,IDN,4024.131,8.300064265921652,63.186,48.364,87.50999999999999,53.484
IDA only,IDX,1165.484,7.060891730367854,,,,
India,IND,2029.318,7.615455054997297,62.303999999999995,41.742000000000004,92.378,52.593999999999994
Ireland,IRL,83148.136,11.328379067051703,85.28,87.982,79.804,88.056
"Iran, Islamic Rep.",IRN,3949.618,8.281374144357805,,,,
Iraq,IRQ,5011.105,8.519411728641611,44.928,42.62,54.088,37.739999999999995
Iceland,ISL,68650.632,11.13678561727173,71.73599999999999,68.872,60.696000000000005,85.836
Israel,ISR,44998.273,10.714379390238234,76.762,70.1,74.328,85.852
Italy,ITA,33654.235,10.423894181537234,82.966,70.312,97.962,80.424
Jamaica,JAM,5314.933,8.578275684864044,63.884,60.85799999999999,61.508,69.49
Jordan,JOR,4114.223,8.322205273896992,73.11800000000001,67.784,81.578,70.196
Japan,JPN,39650.0,10.587846227062993,77.834,66.886,86.53200000000001,80.486
Kazakhstan,KAZ,9673.646,9.17716055978389,64.36,53.902,71.32000000000001,68.05199999999999
Kenya,KEN,1902.017,7.550670181025434,55.67,40.256,79.24600000000001,47.31
Kyrgyz Republic,KGZ,1276.833,7.152138072226207,,,,
Cambodia,KHM,1561.749,7.353561626066127,58.562,66.848,59.751999999999995,49.28
Kiribati,KIR,1527.551,7.331421078377094,46.282,69.814,14.488,61.4
St. Kitts and Nevis,KNA,20915.281,9.948235319119538,,,,
"Korea, Rep.",KOR,32735.053,10.396201739936046,,,,
Latin America & Caribbean (excluding high income),LAC,7962.615,8.982512742476281,,,,
Lao PDR,LAO,2544.062,7.841517295232226,,,,
Lebanon,LBN,7325.484,8.89911450678773,67.982,69.214,67.64399999999999,67.03999999999999
Liberia,LBR,669.2,6.506082969112669,47.68,43.676,55.012,43.964
Libya,LBY,9366.933,9.144941000413185,55.254,53.354,63.34400000000001,48.132
St. Lucia,LCA,10486.694,9.257862494425186,,,,
Latin America & Caribbean,LCN,8488.461,9.046462990788816,,,,
Least developed countries: UN classification,LDC,1109.792,7.011927889359782,,,,
Low income,LIC,771.253,6.648016465001335,,,,
Sri Lanka,LKA,4150.373,8.330953488703894,58.95,42.53,77.35,57.105999999999995
Lower middle income,LMC,2370.012,7.770650297407498,,,,
Low & middle income,LMY,4950.199,8.507183056774858,,,,
Lesotho,LSO,1082.19,6.986742044729794,49.948,56.275999999999996,41.222,52.224000000000004
Late-demographic dividend,LTE,10002.678,9.210608136124163,,,,
Lithuania,LTU,19945.954,9.900781594732342,81.208,79.792,78.912,85.122
Luxembourg,LUX,118112.438,11.67939231416747,83.616,87.566,72.67,91.172
Latvia,LVA,18172.134,9.807644600834056,79.488,81.452,75.566,81.248
"Macao SAR, China",MAC,65722.421,11.093195409573733,,,,
Morocco,MAR,3466.65,8.15094398875749,70.272,58.366,87.034,65.418
Monaco,MCO,196825.053,12.190070557327369,,,,
Moldova,MDA,4393.302,8.387836387344747,68.09,64.122,70.482,69.668
Madagascar,MDG,498.247,6.211095938001019,48.692,47.924,60.757999999999996,37.786
Maldives,MDV,9930.766,9.203392894043942,50.78,63.912,24.39,67.936
Middle East & North Africa,MEA,7225.308,8.885345141829797,,,,
Mexico,MEX,9627.453,9.172373983828278,71.60600000000001,60.08200000000001,87.878,66.79400000000001
Marshall Islands,MHL,5241.18,8.564301942803132,,,,
Middle income,MIC,5445.829,8.602605273548672,,,,
North Macedonia,MKD,6057.942,8.709125417424481,70.192,70.554,71.482,68.666
Mali,MLI,837.783,6.730759117068105,48.768,38.17,68.956,38.976
Malta,MLT,30810.789,10.335620199831466,78.49600000000001,86.72200000000001,63.931999999999995,84.836
Myanmar,MMR,1286.54,7.159711723348826,,,,
Middle East & North Africa (excluding high income),MNA,3467.221,8.151108687524252,,,,
Montenegro,MNE,8541.203,9.052657143372398,70.888,77.22999999999999,58.872,78.186
Mongolia,MNG,4175.106,8.336895026184212,65.12,63.30799999999999,69.092,62.758
Mozambique,MOZ,483.439,6.180925143542145,52.694,62.141999999999996,60.448,35.69
Mauritania,MRT,1851.815,7.523921518207946,51.318,43.153999999999996,63.19,46.468
Mauritius,MUS,10401.88,9.249741838023445,72.1,82.098,55.948,78.654
Malawi,MWI,577.199,6.358187094396483,48.536,41.446000000000005,60.477999999999994,43.482
Malaysia,MYS,10691.187,9.27717503620839,81.232,75.792,84.962,82.74600000000001
North America,NAC,62523.801,11.043302579232483,,,,
Namibia,NAM,5076.775,8.532431496455004,58.284000000000006,52.876,62.45,59.73
New Caledonia,NCL,35389.095,10.474159000817,,,,
Niger,NER,557.658,6.323745871253541,46.334,38.638,63.556000000000004,35.896
Nigeria,NGA,2082.452,7.6413013245556725,55.50599999999999,42.164,85.166,39.184
Nicaragua,NIC,1981.611,7.591665429229585,60.470000000000006,63.218,58.916,59.260000000000005
Netherlands,NLD,52825.295,10.874745426945712,90.74600000000001,89.602,96.556,86.474
Norway,NOR,77993.654,11.264382743387548,85.748,77.436,89.65,90.162
Nepal,NPL,1144.518,7.042738866660821,47.760000000000005,30.318,65.42999999999999,47.106
Nauru,NRU,9900.885,9.200379426066675,,,,
New Zealand,NZL,43883.64,10.689296864458287,77.16,67.828,77.486,86.16
OECD members,OED,39411.416,10.581810799510597,,,,
Oman,OMN,18607.878,9.83134031841709,62.73,67.588,50.648,71.138
Other small states,OSS,13211.796,9.488865345882846,,,,
Pakistan,PAK,1490.575,7.306917230537189,53.660000000000004,34.472,84.668,42.044
Panama,PAN,14757.434,9.599502234802625,71.61,73.30199999999999,66.136,75.19
Peru,PER,6644.425,8.801533436176816,69.202,60.386,84.716,62.496
Philippines,PHL,3274.182,8.093823345879017,66.298,56.028,82.184,61.008
Palau,PLW,14725.433,9.597331413859942,45.468,57.128,11.77,78.272
Papua New Guinea,PNG,2558.449,7.847156494491653,50.7,55.194,54.98,41.04600000000001
Poland,POL,15767.403,9.665699986624164,80.718,73.072,91.578,77.508
Pre-demographic dividend,PRE,1422.329,7.260050947878268,,,,
Puerto Rico,PRI,31935.062,10.371459807437363,,,,
Portugal,PRT,23038.743,10.044932556029858,84.768,79.65599999999999,93.0,81.442
Paraguay,PRY,5886.341,8.680389861196174,62.198,49.036,73.47200000000001,63.686
West Bank and Gaza,PSE,3547.417,8.17397501200221,,,,
Pacific island small states,PSS,3999.357,8.293888877180361,,,,
Post-demographic dividend,PST,45549.968,10.72656520016316,,,,
French Polynesia,PYF,19841.468,9.89552937003708,,,,
Qatar,QAT,61492.614,11.026672349021345,74.538,76.61600000000001,68.11800000000001,79.084
Romania,ROU,12817.233,9.45854587254563,79.424,71.148,90.88,76.402
Russian Federation,RUS,11181.562,9.322021450724627,,,,
Rwanda,RWA,785.98,6.666931346812849,51.536,49.6,64.80199999999999,40.006
South Asia,SAS,1954.611,7.577946475638823,,,,
Saudi Arabia,SAU,21722.512,9.986104421135812,66.814,61.715999999999994,66.768,72.124
Sudan,SDN,1213.357,7.101146177266952,44.75,40.78,59.065999999999995,33.694
Senegal,SEN,1491.778,7.3077239761271615,61.298,47.336,82.796,53.174
Singapore,SGP,65472.942,11.089392237037707,83.40599999999999,93.986,67.978,88.252
Solomon Islands,SLB,2332.029,7.75449398307059,42.85,47.39,29.826,53.522000000000006
Sierra Leone,SLE,496.844,6.208276093525156,45.402,39.358,57.438,39.366
El Salvador,SLV,4173.356,8.336475787281135,65.84200000000001,59.46,74.396,63.674
Somalia,SOM,405.264,6.004538706595254,30.915999999999997,32.292500000000004,32.518,27.327999999999996
Serbia,SRB,7585.226,8.933957686988059,78.146,72.8,86.01599999999999,75.226
Sub-Saharan Africa (excluding high income),SSA,1593.917,7.373949787730969,,,,
Sub-Saharan Africa,SSF,1595.139,7.37471615875726,,,,
Small states,SST,12076.335,9.399003031415788,,,,
Sao Tome and Principe,STP,2053.949,7.627519560579465,42.994,47.408,27.974,55.242000000000004
Suriname,SUR,5839.882,8.672465870138687,53.80799999999999,57.010000000000005,36.79,69.502
Slovak Republic,SVK,19478.548,9.877069036430752,,,,
Slovenia,SVN,26098.099,10.169617755409128,80.752,77.636,82.482,81.936
Sweden,SWE,54837.328,10.912126408929774,89.584,83.596,96.65,88.702
Eswatini,SWZ,3807.799,8.244806610904707,,,,
Seychelles,SYC,15608.653,9.655580718947004,62.664,76.506,39.234,73.838
Turks and Caicos Islands,TCA,24415.432,10.102970670379772,,,,
Chad,TCD,682.849,6.526273751672896,40.95399999999999,30.362000000000002,59.02,30.698
East Asia & Pacific (IDA & IBRD countries),TEA,8351.104,9.030149024674055,,,,
Europe & Central Asia (IDA & IBRD countries),TEC,8937.56,9.098017900266443,,,,
Togo,TGO,888.924,6.790011742545649,52.23,48.242000000000004,64.328,43.668
Thailand,THA,7049.704,8.860740909109282,72.672,66.86,81.644,69.318
Tajikistan,TJK,866.688,6.764679050423125,48.698,46.312,53.470000000000006,46.254000000000005
Latin America & the Caribbean (IDA & IBRD countries),TLA,8304.373,9.024537522508634,,,,
Timor-Leste,TLS,1701.772,7.439425340112868,,,,
Middle East & North Africa (IDA & IBRD countries),TMN,3466.258,8.150830904897033,,,,
Tonga,TON,4585.593,8.430674711114893,47.878,54.053999999999995,24.381999999999998,70.19
South Asia (IDA & IBRD),TSA,1954.611,7.577946475638823,,,,
Sub-Saharan Africa (IDA & IBRD countries),TSS,1595.139,7.37471615875726,,,,
Trinidad and Tobago,TTO,15570.818,9.653153800378021,63.946000000000005,61.982000000000006,56.298,73.35600000000001
Tunisia,TUN,3585.917,8.184769508331126,67.41,55.931999999999995,83.352,63.148
Turkiye,TUR,9438.046,9.15250424618842,,,,
Tuvalu,TUV,4826.415,8.481859235028237,,,,
Tanzania,TZA,1036.111,6.943229559937185,50.291999999999994,37.73,76.616,36.528
Uganda,UGA,822.621,6.712495584281556,53.336,47.21,71.17,41.822
Ukraine,UKR,3596.731,8.187780656356447,74.266,64.282,88.65599999999999,69.83
Upper middle income,UMC,9555.321,9.164853451086527,,,,
Uruguay,URY,17677.547,9.780050582221856,73.14399999999999,61.11,81.91,76.21
United States,USA,64326.144,11.071721421678935,,,,
Uzbekistan,UZB,1806.113,7.498932301233292,49.61,47.518,50.582,50.446000000000005
St. Vincent and the Grenadines,VCT,8421.259,9.03851462099925,,,,
Vietnam,VNM,3418.645,8.136999552718748,64.53,59.70399999999999,73.968,59.92999999999999
Vanuatu,VUT,3011.953,8.010343984548369,49.918,63.574,29.242,61.648
World,WLD,11293.751,9.332004842885084,,,,
Samoa,WSM,4131.797,8.326467700281462,51.714,52.504,33.954,71.22999999999999
Kosovo,XKX,4478.027,8.406937826617968,,,,
South Africa,ZAF,6653.695,8.802927618437398,70.014,54.83,88.50800000000001,66.902
Zambia,ZMB,1266.651,7.144131688548826,57.58,54.824,70.598,46.914
Zimbabwe,ZWE,1605.954,7.381473251506214,52.016,37.956,69.006,49.086
